{"cameraMode":{"drawMode":0,"name":"Shaded","section":"Shading Mode"},"sceneLighting":true,"audioPlay":false,"sceneViewState":{"showFog":true,"showMaterialUpdate":false,"showSkybox":true,"showFlares":true,"showImageEffects":true,"showParticleSystems":true},"in2DMode":false,"pivot":{"x":-21.95303726196289,"y":-14.227802276611329,"z":-11.002168655395508},"rotation":{"x":0.3277306854724884,"y":-0.35172995924949648,"z":0.13299301266670228,"w":0.8667450547218323},"size":76.96312713623047,"orthographic":false}