{"cameraMode":{"drawMode":0,"name":"Shaded","section":"Shading Mode"},"sceneLighting":false,"audioPlay":false,"sceneViewState":{"showFog":true,"showMaterialUpdate":false,"showSkybox":false,"showFlares":true,"showImageEffects":true,"showParticleSystems":true},"in2DMode":false,"pivot":{"x":32.65428924560547,"y":1.6699000597000123,"z":-325.87445068359377},"rotation":{"x":0.11826825141906738,"y":-0.6421931982040405,"z":0.10124221444129944,"w":0.7506559491157532},"size":7.4280195236206059,"orthographic":false}