{"cameraMode":{"drawMode":0,"name":"Shaded","section":"Shading Mode"},"sceneLighting":false,"audioPlay":false,"sceneViewState":{"showFog":true,"showMaterialUpdate":false,"showSkybox":false,"showFlares":true,"showImageEffects":true,"showParticleSystems":true},"in2DMode":false,"pivot":{"x":9.208370208740235,"y":0.7149999737739563,"z":-8.269737243652344},"rotation":{"x":-0.22480665147304536,"y":0.023969527333974839,"z":-0.005514367483556271,"w":-0.9741153717041016},"size":5.489194869995117,"orthographic":false}